team_id,team_name,latitude,longitude
100,Ada,40.776616,-83.834843
102,Adena,39.416009,-83.196896
105,Africentric Early College,39.980488,-82.915699
106,Aiken,39.193225,-84.549770
108,Alexander,39.225290,-82.205866
110,Allen East,40.731963,-83.930643
112,Alliance,40.912524,-81.111901
114,Amanda-Clearcreek,39.647815,-82.736948
118,Anderson,39.070159,-84.349770
120,Anna,40.395087,-84.176740
122,Ansonia,40.214374,-84.628656
124,Anthony Wayne,41.531474,-83.781069
126,Antwerp,41.185926,-84.727328
128,Arcadia,41.107914,-83.515366
130,Arcanum,39.995511,-84.550924
132,Archbishop Alter,39.681052,-84.150673
134,Archbold,41.514193,-84.314221
136,Arlington,40.888950,-83.651029
138,Ashland,40.854157,-82.322429
140,Lakeside,41.843681,-80.824755
144,Athens,39.368896,-82.126226
146,Aurora,41.312842,-81.351341
148,Austintown-Fitch,41.091301,-80.739069
150,Avon,41.446911,-82.041106
152,Avon Lake,41.508406,-82.018623
154,Ayersville,41.238313,-84.284373
158,Badin,39.396045,-84.593049
160,Barberton,41.025022,-81.609066
162,Barnesville,39.988390,-81.156293
164,Batavia,39.072570,-84.129990
166,Bath,40.774484,-84.052473
168,Bay,41.485811,-81.943632
170,Beachwood,41.486205,-81.502356
172,Beallsville,39.846873,-81.028053
176,Beaver Local,40.710072,-80.630702
178,Beavercreek,39.719611,-84.034361
180,Bedford,41.403846,-81.527295
182,Bellaire,40.017264,-80.742131
184,Bellbrook,39.648976,-84.069762
186,Beechcroft,40.093606,-82.966076
188,Bellefontaine,40.346301,-83.753469
190,Bellevue,41.281394,-82.843588
192,Belmont,39.739221,-84.155447
194,Belpre,39.274830,-81.576785
196,Benedictine,41.482198,-81.626185
198,Benjamin Logan,40.406437,-83.655162
200,Berea-Midpark,41.372525,-81.845869
202,Berkshire,41.473857,-81.145132
204,Berne Union,39.629485,-82.548127
206,Bethel,39.907707,-84.086234
208,Bethel-Tate,38.962238,-84.066133
212,Bexley,39.963988,-82.930748
214,Big Walnut,40.235173,-82.861843
218,Bishop Hartley,39.945191,-82.910677
220,Bishop Ready,39.939974,-83.079558
222,Bishop Rosecrans,39.939705,-81.997947
224,Bishop Watterson,40.049416,-83.016117
226,Black River,41.057303,-82.172519
228,Blanchester,39.297639,-83.969557
232,Bloom-Carroll,39.792909,-82.697718
236,Bluffton,40.892206,-83.893611
238,Boardman,41.011728,-80.672304
242,Bowling Green,41.386000,-83.657758
244,Bowsher,41.623263,-83.596866
246,Bradford,40.124791,-84.458019
248,Brecksville-Broadview Heights,41.331410,-81.642252
250,Bridgeport,40.067936,-80.777798
252,Briggs,39.928960,-83.064907
256,Brookfield,41.226783,-80.558817
260,Brooklyn,41.429896,-81.748676
262,Brookside,41.467269,-82.094880
264,Brookville,39.829731,-84.424013
268,Brunswick,41.238282,-81.814824
270,Brush,41.521189,-81.504551
272,Bryan,41.457585,-84.567423
274,Buchtel,41.084173,-81.559079
276,Buckeye,41.190010,-81.925096
278,Buckeye Central,40.960005,-82.853599
282,Buckeye Local,40.191110,-80.723651
284,Buckeye Trail,40.046245,-81.444551
286,Buckeye Valley,40.350615,-83.092357
290,Bucyrus,40.811850,-82.990004
292,Butler,39.886558,-84.199093
294,Harrison Central,40.259395,-81.022283
296,Caldwell,39.750354,-81.517898
298,Calvert,41.113619,-83.173470
300,Cambridge,40.052354,-81.583173
302,Canal Winchester,39.836406,-82.810989
304,Canfield,41.028053,-80.771930
306,Canton McKinley,40.817301,-81.398031
308,Cardinal,41.466199,-81.069371
310,Cardinal Mooney,41.074373,-80.652815
312,Cardinal Stritch Catholic,41.629755,-83.469351
314,Cardington-Lincoln,40.495421,-82.881714
316,Carey,40.946489,-83.386914
318,Carlisle,39.587427,-84.323650
320,Carroll,39.742971,-84.113703
322,Carrollton,40.564357,-81.092885
324,Catholic Central,39.920959,-83.791617
326,Catholic Central,40.372033,-80.661639
328,Cedarville,39.747165,-83.808774
330,Celina,40.554248,-84.558520
332,Centennial,40.063676,-83.057211
334,Centerburg,40.295505,-82.707718
336,Centerville,39.628741,-84.148893
340,Canton Central Catholic,40.794103,-81.439023
342,Central Catholic,41.672918,-83.545459
345,Central Crossing,39.895192,-83.112879
346,Chagrin Falls,41.428852,-81.378478
348,Chalker,41.286301,-80.963999
350,Twinsburg,41.319170,-81.449863
352,Chaminade Julienne,39.754250,-84.192236
354,Champion,41.315185,-80.851915
358,Chaney,41.092331,-80.696863
360,Chardon,41.589606,-81.199560
362,Chesapeake,38.422380,-82.484079
364,Chillicothe,39.342226,-82.989548
366,Chippewa,40.965910,-81.700821
368,Cincinnati Country Day,39.186709,-84.326032
369,Cincinnati Hills Christian Academy,39.276916,-84.335633
370,Circleville,39.606820,-82.922452
372,Clay,41.652620,-83.412550
376,Claymont,40.396604,-81.374026
378,Clear Fork,40.609379,-82.473760
380,Clearview,41.425521,-82.162707
382,Clermont Northeastern,39.129570,-84.101168
384,Cleveland Central Catholic,41.459436,-81.644387
385,Cleveland Heights,41.501260,-81.563019
388,Clinton-Massie,39.445307,-83.985287
390,Cloverleaf,41.039799,-81.966011
392,Clyde,41.290700,-82.984691
394,Coldwater,40.481473,-84.628726
396,Colerain,39.231847,-84.599152
398,Collinwood,41.553640,-81.574988
400,Colonel Crawford,40.787981,-82.857166
402,Thurgood Marshall,39.761381,-84.260668
404,Columbia,41.312316,-81.925448
406,Tiffin Columbian,41.107670,-83.177110
408,Columbiana,40.901014,-80.626640
410,Columbus Academy,40.045383,-82.879138
412,Columbus Grove,40.921665,-84.058046
416,Conneaut,41.946834,-80.560098
418,Conotton Valley,40.463223,-81.218117
422,Copley,41.111543,-81.648514
424,Cory-Rawson,40.936646,-83.805513
426,Coshocton,40.259337,-81.843524
428,Coventry,41.005775,-81.553375
430,Covington,40.120614,-84.342317
432,Crestline,40.799085,-82.742964
434,Crestview,40.891013,-82.456551
436,Crestview,40.842182,-80.668800
438,Crestview,40.916893,-84.701741
440,Crestwood,41.288135,-81.223502
442,Crooksville,39.743625,-82.093044
444,Cuyahoga Falls,41.139190,-81.486505
446,Cuyahoga Heights,41.427562,-81.641932
448,Cuyahoga Valley Christian Academy,41.195801,-81.494434
450,Dalton,40.803325,-81.694098
454,Danville,40.447787,-82.261740
456,Lisbon David Anderson,40.775621,-80.772213
458,Dawson-Bryant,38.501850,-82.644144
460,Dayton Christian,39.611497,-84.208457
462,Deer Park,39.210404,-84.398894
464,Defiance,41.263579,-84.361060
466,Delta,41.581962,-83.998811
470,Dixie,39.740416,-84.404891
472,Dover,40.523833,-81.480766
474,Dublin Coffman,40.107393,-83.132300
475,Dublin Scioto,40.120087,-83.100916
476,Dunbar,39.734324,-84.233929
478,East,41.064351,-81.466977
482,East,39.966856,-82.960817
483,Youngstown East,41.103587,-80.619635
484,Sciotoville Community,38.758628,-82.889113
486,Dublin Jerome,40.134688,-83.179331
488,East Canton,40.789556,-81.280541
490,East Clinton,39.418369,-83.647259
492,Eastern,39.030061,-82.846340
494,Eastern,39.123585,-81.882324
498,East Knox,40.408352,-82.329275
500,East Liverpool,40.626874,-80.566001
502,Eastmoor Academy,39.963558,-82.907663
504,East Palestine,40.839131,-80.546331
506,East Technical,41.492485,-81.651655
508,Eastwood,41.427673,-83.491023
510,Eaton,39.732361,-84.646398
512,Edgerton,41.455137,-84.743864
514,Edgewood,41.888271,-80.732204
516,Edgewood,39.466493,-84.486671
518,Edison,41.298381,-82.574963
519,Edison,40.447829,-80.746254
520,Edon,41.556341,-84.781091
522,Elder,39.112097,-84.580722
524,Elgin,40.569220,-83.246398
526,Elida,40.789496,-84.193803
528,Ellet,41.053788,-81.435581
530,Elmwood,41.253388,-83.527381
532,Elyria,41.361654,-82.107228
534,Elyria Catholic,41.382058,-82.094381
540,Euclid,41.596310,-81.526798
542,Evergreen,41.680216,-83.975404
544,Fairbanks,40.161355,-83.394370
548,Fairborn,39.783386,-84.006334
550,Fairfield,39.337190,-84.515074
553,Fairfield Christian Academy,39.736687,-82.620480
554,Fairfield Union,39.757240,-82.467768
556,Fairland,38.449919,-82.357945
560,Fairless,40.705264,-81.589367
566,Fairport Harding,41.754349,-81.271798
570,Fairview,41.443181,-81.856738
572,Fairview,41.349056,-84.554425
576,Fayetteville,39.183080,-83.932542
578,Federal Hocking,39.308782,-81.870230
582,Bishop Fenwick,39.493309,-84.295282
584,Field,41.068363,-81.347140
586,Findlay,41.055083,-83.664535
588,Finneytown,39.228324,-84.517382
590,Firelands,41.336709,-82.299993
592,Firestone,41.118872,-81.562512
594,Fisher Catholic,39.744854,-82.586001
598,Fort Frye,39.547809,-81.634127
602,Fort Loramie,40.345088,-84.361517
604,Fort Recovery,40.412764,-84.774882
606,Fostoria,41.169469,-83.433565
608,Franklin,39.554778,-84.286751
610,Franklin Heights,39.931165,-83.090215
614,Fredericktown,40.477550,-82.551210
616,Fremont Ross,41.361345,-83.123195
618,Frontier,39.537859,-81.135351
620,Galion,40.739086,-82.800849
622,Gallia Academy,38.806341,-82.264910
624,Garaway,40.507986,-81.640185
630,Garfield,41.270630,-81.100483
632,Garfield Heights,41.427954,-81.614022
634,Geneva,41.798524,-80.927951
636,Genoa Area,41.523969,-83.374990
640,Gibsonburg,41.377497,-83.320339
642,Gilmour Academy,41.500807,-81.432207
644,Girard,41.171630,-80.690759
650,GlenOak,40.867087,-81.348856
652,Glenville,41.538811,-81.605940
658,Goshen,39.229335,-84.156486
660,Graham Local,40.266281,-82.923281
662,Grand Valley,41.544821,-80.858322
664,Grandview Heights,39.985300,-83.048630
666,Granville,40.077939,-82.527539
668,Green,38.619040,-82.843065
670,Green,40.959463,-81.473994
672,Greeneview,39.655500,-83.758828
676,Greenon,39.885506,-83.936079
678,Greenville,40.113666,-84.633258
680,Grove City,39.869747,-83.070453
681,Grove City Christian,39.865729,-83.070779
682,Groveport Madison,39.879915,-82.883973
685,Hamilton,39.424118,-84.576989
686,Hamilton Township,39.861261,-82.972135
690,Marion Harding,40.590002,-83.093214
692,Warren G Harding,41.244243,-80.806318
694,Hardin Northern,40.779478,-83.660943
696,Harrison,39.254650,-84.770060
698,Harvey,41.715213,-81.244907
702,Hawken,41.527291,-81.390721
704,Delaware Hayes,40.310419,-83.078298
706,Heath,40.028104,-82.430523
708,Hicksville,41.303332,-84.747283
710,Highland,41.162894,-81.739247
712,Highland,40.397075,-82.702813
713,Hilliard Bradley,40.006363,-83.204725
715,Hillcrest Academy,39.242794,-84.487061
716,Hilliard Davidson,40.047924,-83.156754
717,Hilliard Darby,40.036312,-83.170362
718,Hillsboro,39.159601,-83.577995
720,Hillsdale,40.791548,-82.179811
722,Hilltop,41.586419,-84.453013
724,Archbishop Hoban,41.061405,-81.495624
728,Holy Name,41.402880,-81.761655
730,Hoover,40.882922,-81.394254
732,Hopewell-Loudon,41.127947,-83.285320
736,Howland,41.242153,-80.746172
738,Hubbard,41.151008,-80.581276
740,Hudson,41.254102,-81.420361
742,Hughes,39.129177,-84.520698
744,Huntington,39.245036,-83.058748
746,Huron,41.399829,-82.563276
748,Independence,39.921385,-82.854001
750,Independence,41.372682,-81.648192
751,Indian Creek,40.377005,-80.714179
752,Indian Hill,39.186455,-84.344864
754,Indian Lake,40.438872,-83.906199
758,Indian Valley,40.355513,-81.432536
760,Ironton,38.524608,-82.670851
762,Jackson,39.041829,-82.643298
764,Jackson,40.860857,-81.490578
768,Jackson-Milton,41.099265,-80.914852
772,Jefferson,40.851527,-84.352012
774,Jefferson Area,41.730238,-80.771243
782,John Adams,41.454632,-81.602631
784,John F Kennedy,41.449822,-81.560029
786,John F Kennedy,41.216613,-80.785063
788,John Glenn,40.024126,-81.738434
790,John Hay,41.501691,-81.612588
792,John Marshall,41.446831,-81.790417
794,Johnstown-Monroe,40.146840,-82.678155
796,Jonathan Alder,40.077041,-83.286690
801,Kenmore-Garfield,41.045260,-81.557324
802,Kenston,41.388120,-81.303147
804,Kenton,40.653921,-83.597650
806,Kenton Ridge,39.985810,-83.763870
807,Kettering Fairmont,39.699023,-84.162798
808,Keystone,41.231270,-82.110731
810,Kings,39.355784,-84.254963
812,Kirtland,41.620058,-81.358676
816,River Valley,38.919708,-82.280237
818,LaBrae,41.252130,-80.873418
820,Lake,41.559808,-83.473105
822,Lake,40.965125,-81.354961
824,Lake Catholic,41.686855,-81.377980
828,Lakeview,41.319951,-80.724636
830,Lakewood,39.957110,-82.437989
832,Lakewood,41.481539,-81.790341
834,Lakota,41.269475,-83.326022
836,Lakota East,39.380172,-84.373054
837,Lakota West,39.332072,-84.435558
838,Lancaster,39.733209,-82.590603
842,La Salle,39.189712,-84.586677
846,Lebanon,39.463407,-84.183434
850,Leetonia,40.887047,-80.764451
852,Lehman Catholic,40.311790,-84.173162
854,Leipsic,41.098120,-83.989909
856,Lexington,40.673869,-82.587294
860,Liberty,41.157570,-80.658206
862,Liberty-Benton,41.032435,-83.698313
864,Liberty Center,41.452868,-83.971902
866,Liberty Union,39.846619,-82.606603
868,Licking Heights,40.030371,-82.748705
870,Licking Valley,40.077902,-82.286492
872,Lima Senior,40.741215,-84.098509
874,Lima Central Catholic,40.731585,-84.146755
876,Gahanna Lincoln,40.015698,-82.866719
880,Lincoln West,41.466886,-81.701751
882,Linden McKinley,40.009034,-82.973929
884,Little Miami,39.358078,-84.160767
886,Lockland,39.228271,-84.450794
888,Logan,39.519380,-82.378422
890,Logan Elm,39.561906,-82.850606
892,London,39.902897,-83.449468
894,Lorain,41.445910,-82.188771
900,Loudonville,40.638412,-82.242268
902,Louisville,40.829659,-81.250582
904,Loveland,39.278672,-84.274665
906,Lowellville,41.044523,-80.551715
908,Lucas,40.704630,-82.417554
912,Lutheran East,41.520486,-81.551122
914,Lutheran West,41.455054,-81.847116
920,Madeira,39.201187,-84.364304
922,Madison,41.791081,-81.066056
924,Madison,39.535356,-84.441186
926,Madison Comprehensive,40.773333,-82.460130
928,Madison-Plains,39.789826,-83.485533
934,Malvern,40.689369,-81.162240
936,Manchester,40.942096,-81.592396
938,Manchester,38.694182,-83.588405
940,Mansfield Senior,40.762781,-82.544194
944,Maple Heights,41.395124,-81.582714
946,Mapleton,40.964856,-82.282002
950,Margaretta,41.398710,-82.802102
954,Mariemont,39.144808,-84.365572
956,Marietta,39.439020,-81.450694
958,Marion Local,40.404880,-84.493484
962,Marion-Franklin,39.912463,-82.961398
964,Marlington,40.922434,-81.182499
968,Martins Ferry,40.111961,-80.728518
970,Marysville,40.246556,-83.375878
972,Mason,39.351066,-84.309733
974,Mathews,41.237763,-80.659238
976,Maumee,41.575877,-83.641285
980,Mayfield,41.538966,-81.459809
982,Maysville,39.882507,-82.051499
988,McClain,39.351777,-83.387264
990,McComb,41.103237,-83.791449
992,McDonald,41.160992,-80.727521
994,Niles McKinley,41.187532,-80.760026
996,Sebring McKinley,40.925392,-81.015746
998,Archbishop McNicholas,39.085635,-84.377389
1000,Meadowbrook,39.952132,-81.557326
1002,Meadowdale,39.811628,-84.253738
1004,Mechanicsburg,40.075753,-83.558177
1006,Medina,41.143719,-81.850496
1008,Meigs,39.056218,-82.007581
1010,Campbell Memorial,41.081207,-80.598853
1012,St Marys Memorial,40.495991,-84.377272
1016,Mentor,41.695255,-81.339192
1018,Miami East,40.085561,-84.116834
1020,Miamisburg,39.628682,-84.258635
1022,Miami Trace,39.611679,-83.343452
1023,Miami Valley Christian Academy,39.129253,-84.360267
1026,Middletown,39.523636,-84.351721
1030,Midview,41.303384,-82.063096
1032,Mifflin,40.039160,-82.921925
1034,Milford,39.173937,-84.241005
1036,Miller,39.593895,-82.126846
1040,Millersport,39.896172,-82.535105
1042,Milton-Union,39.963885,-84.345965
1044,Mineral Ridge,41.145474,-80.772070
1046,Minerva,40.734782,-81.097394
1048,Minford,38.858967,-82.852730
1052,Minster,40.400268,-84.377988
1054,Mississinawa Valley,40.221412,-84.746766
1056,Archbishop Moeller,39.220005,-84.357256
1058,Mogadore,41.047731,-81.393144
1060,Mohawk,40.985026,-83.170400
1062,Monroe,39.445882,-84.388458
1063,Monroe Central,39.764133,-81.127647
1064,Monroeville,41.248075,-82.701694
1066,Montpelier,41.571941,-84.602191
1068,Morgan,39.612128,-81.821593
1072,Mount Gilead,40.555152,-82.832611
1074,Mount Healthy,39.241109,-84.547414
1078,Mount Vernon,40.377268,-82.487265
1080,Napoleon,41.388808,-84.146239
1082,National Trail,39.837678,-84.723121
1084,Nelsonville-York,39.462144,-82.189142
1086,New Albany,40.083018,-82.817766
1088,Newark,40.063365,-82.420745
1090,Newark Catholic,40.056460,-82.433098
1092,New Bremen,40.437135,-84.367551
1096,Newcomerstown,40.265913,-81.611199
1100,New Lexington,39.726434,-82.208066
1102,New London,41.084205,-82.396839
1104,New Miami,39.439255,-84.538148
1106,New Philadelphia,40.493790,-81.449599
1108,New Richmond,38.954842,-84.267472
1112,Newton Falls,41.175838,-80.964740
1116,Nordonia,41.302991,-81.509064
1118,Normandy,41.361434,-81.699153
1120,North,41.103476,-81.499392
1122,North,41.650039,-81.446247
1130,North Baltimore,41.188045,-83.665213
1132,North Central,41.679255,-84.552849
1134,North College Hill,39.217896,-84.550459
1136,Northeastern,39.940760,-83.681943
1140,Northland,40.072354,-82.966153
1142,Northmont,39.874066,-84.341425
1144,Northmor,40.642191,-82.765880
1146,North Olmsted,41.411642,-81.923831
1148,Northridge,39.812999,-84.190641
1150,Northridge,40.189155,-82.608432
1152,North Ridgeville,41.385168,-82.002027
1154,North Royalton,41.311027,-81.734712
1156,North Union,40.437352,-83.296159
1158,Norton,41.032889,-81.643582
1160,Norwalk,41.225403,-82.612710
1162,Northwest,40.907341,-81.616262
1164,Northwest,39.271665,-84.573799
1166,Northwest,38.880082,-83.083309
1168,Northwestern,39.988795,-83.913047
1170,Northwestern,40.889338,-82.108546
1172,Northwood,41.606620,-83.474035
1174,Norwayne,40.965007,-81.900307
1176,Norwood,39.160683,-84.460053
1178,Notre Dame,38.749828,-82.986692
1180,Notre Dame-Cathedral Latin,41.511281,-81.243156
1184,Oak Harbor,41.513077,-83.157965
1186,Oak Hill,38.906443,-82.568525
1188,Oak Hills,39.146827,-84.650328
1190,Oakwood,39.720971,-84.172697
1192,Oberlin,41.299353,-82.214574
1201,Olentangy Berlin,40.255879,-83.007438
1202,Olentangy,40.200140,-83.021082
1203,Olentangy Liberty,40.195930,-83.097996
1204,Olmsted Falls,41.372666,-81.927540
1206,Ontario,40.766073,-82.646456
1208,Orange,41.458540,-81.452990
1210,Orrville,40.848142,-81.769605
1211,Olentangy Orange,40.173380,-82.978957
1212,Otsego,41.423932,-83.742662
1214,Ottawa-Glandorf,41.029319,-84.044817
1216,Ottawa Hills,41.669759,-83.632687
1224,Padua Franciscan,41.381439,-81.712043
1226,Paint Valley,39.244278,-83.215067
1228,Pandora-Gilboa,40.955066,-83.971017
1230,Parkway,40.684193,-84.647418
1232,Parma,41.392787,-81.722767
1234,Patrick Henry,41.225101,-83.995181
1235,Ponitz Tech,39.749668,-84.205128
1236,Paulding,41.140044,-84.578552
1240,Perkins,41.413381,-82.702926
1242,Perry,40.687723,-84.053836
1244,Perry,40.790092,-81.463305
1246,Perry,41.771940,-81.142430
1248,Perrysburg,41.522019,-83.651808
1252,Philo,39.884659,-81.920204
1254,Pickerington Central,39.873501,-82.756168
1255,Pickerington North,39.907476,-82.733353
1256,Piketon,39.062380,-83.033095
1258,Piqua,40.165148,-84.207357
1260,Pleasant,40.520181,-83.136788
1262,Plymouth,40.989847,-82.655234
1264,Poland Seminary,41.004927,-80.593394
1266,Port Clinton,41.504212,-82.939082
1268,Portsmouth,38.735099,-82.988100
1270,Portsmouth West,38.716063,-83.053902
1272,Preble Shawnee,39.626131,-84.554246
1274,Princeton,39.275297,-84.448535
1276,Purcell Marian,39.130833,-84.474703
1280,Pymatuning Valley,41.607085,-80.589228
1281,Ravenna,41.170122,-81.243847
1284,Reading,39.219755,-84.427765
1288,Revere,41.202481,-81.616371
1290,Reynoldsburg,39.944250,-82.816750
1292,Rhodes,41.429980,-81.720741
1294,Richmond Heights,41.554684,-81.495083
1296,Ridgedale,40.650449,-83.173191
1298,Ridgemont,40.532583,-83.527974
1300,Ridgewood,40.269890,-81.758446
1304,Rittman,40.974327,-81.797366
1306,River,39.663701,-80.871679
1308,Riverdale,40.868493,-83.520145
1310,Riverside,40.319148,-83.920957
1312,Riverside,41.712027,-81.216025
1314,River Valley,40.582905,-83.011221
1316,River View,40.339684,-81.960658
1318,Rock Hill,38.612499,-82.658860
1320,Rocky River,41.474546,-81.852207
1322,Roger Bacon,39.162677,-84.503543
1324,Rogers,41.642278,-83.676843
1326,Kent Roosevelt,41.169700,-81.353871
1328,Rootstown,41.103658,-81.242472
1330,Ross,39.329006,-84.633202
1332,Rossford,41.609470,-83.559398
1340,St Bernard-Elmwood Place,39.166738,-84.496299
1342,St Charles,39.968400,-82.946903
1344,St Clairsville,40.078845,-80.902500
1346,St Edward,41.485086,-81.784916
1348,St Francis DeSales,40.053022,-82.976509
1350,St Francis de Sales,41.663277,-83.599002
1352,St Henry,40.415873,-84.635839
1354,St Ignatius,41.483312,-81.707773
1358,St John's,40.843715,-84.333290
1359,St John School,41.826251,-80.870971
1360,St John's Jesuit,41.614175,-83.681724
1364,Villa Angela-St Joseph,41.595123,-81.549998
1370,St Joseph Central Catholic,41.346482,-83.118856
1374,St Paul,41.244278,-82.611500
1378,St Thomas Aquinas,40.857815,-81.286676
1384,St Vincent-St Mary,41.089093,-81.522598
1388,St Xavier,39.207409,-84.503635
1392,Salem,40.906345,-80.844394
1394,Sandusky,41.435248,-82.713932
1396,Sandy Valley,40.638774,-81.353883
1398,Scott,41.669013,-83.555108
1400,Seneca East,41.075723,-82.915482
1406,Shadyside,39.971078,-80.747648
1408,Shaker Heights,41.472928,-81.571401
1410,Shaw,41.537542,-81.574328
1412,Shawnee,40.693559,-84.169172
1414,Shawnee,39.871080,-83.780669
1416,Shelby,40.887551,-82.654403
1418,Shenandoah,39.809633,-81.448967
1420,Sheridan,39.901543,-82.400578
1421,Shroder,39.164721,-84.408163
1422,Sidney,40.280349,-84.172386
1426,Smithville,40.867784,-81.856855
1428,Solon,41.378437,-81.441738
1432,Canton South,40.750005,-81.372865
1436,South,39.940667,-82.980783
1440,South,41.626571,-81.419517
1446,South Central,41.047520,-82.517642
1448,Southeast,41.099037,-81.087894
1450,Southeastern,39.284176,-82.868422
1452,Southeastern Local,39.826277,-83.632842
1453,South Gallia,38.661273,-82.277449
1454,Southern,38.971231,-81.906936
1456,Southern,40.640321,-80.779500
1458,South Point,38.435277,-82.581547
1460,South Range,40.954183,-80.741012
1468,Spencerville,40.702183,-84.342339
1470,Springboro,39.536221,-84.235069
1472,Springfield,41.017687,-81.414066
1476,Springfield,41.616141,-83.703382
1478,Springfield,40.954346,-80.550121
1480,Springfield,39.952744,-83.794940
1482,Start,41.699093,-83.595181
1484,Stebbins,39.788514,-84.123645
1486,Amherst Steele,41.403766,-82.221579
1488,Steubenville,40.364922,-80.612562
1492,Stow-Munroe Falls,41.166283,-81.394392
1494,Strasburg-Franklin,40.598413,-81.530098
1496,Streetsboro,41.226961,-81.322951
1498,Strongsville,41.305254,-81.845281
1500,Struthers,41.052490,-80.597898
1504,Summit Country Day,39.130881,-84.458269
1506,Swanton,41.596279,-83.896482
1508,Sycamore,39.266280,-84.352908
1510,Sylvania Northview,41.711516,-83.710501
1512,Sylvania Southview,41.689019,-83.717163
1514,Symmes Valley,38.607782,-82.486507
1518,Taft,39.109066,-84.522400
1520,Talawanda,39.490439,-84.730565
1522,Tallmadge,41.104864,-81.415587
1524,Taylor,39.195223,-84.733269
1526,Teays Valley,39.723396,-82.945183
1528,Tecumseh,39.912646,-83.995653
1532,Tinora,41.356902,-84.323791
1534,Tippecanoe,39.981395,-84.188847
1536,Toronto,40.454826,-80.613811
1538,Triad,40.179805,-83.586533
1540,Trimble,39.498746,-82.088171
1542,Trinity,41.417090,-81.596044
1544,Tri-Valley,40.119033,-82.007798
1546,Tri-Village,39.964936,-84.712412
1548,Triway,40.762366,-81.973956
1550,Trotwood-Madison,39.811490,-84.311590
1552,Troy,40.044942,-84.201817
1553,Troy Christian,40.036903,-84.228591
1554,Turpin,39.106086,-84.368052
1556,Tuscarawas Central Catholic,40.500485,-81.438693
1558,Tuscarawas Valley,40.598733,-81.406582
1560,Tuslaw,40.810752,-81.601629
1562,Tri-County North,39.846869,-84.550587
1564,Twin Valley South,39.748623,-84.534722
1566,Union Local,40.063726,-81.055288
1568,Unioto,39.369167,-83.024821
1570,United,40.782866,-80.927835
1571,University School,41.486511,-81.438262
1572,Upper Arlington,40.018766,-83.055696
1574,Upper Sandusky,40.839948,-83.280919
1576,Upper Scioto Valley,40.691916,-83.785301
1578,Urbana,40.112004,-83.743546
1580,Ursuline,41.109601,-80.641994
1584,Utica,40.238933,-82.448054
1586,Valley,38.880099,-82.982800
1588,Valley Forge,41.373327,-81.755166
1590,Valley View,39.633802,-84.378043
1592,Van Buren,41.135012,-83.649513
1594,Vanlue,40.492565,-84.314215
1596,Van Wert,40.847682,-84.602972
1598,Vermilion,41.411232,-82.355572
1600,Versailles,40.216379,-84.487847
1604,Vinton County,39.251385,-82.491169
1606,Wadsworth,41.025613,-81.711059
1608,Waite,41.648983,-83.519417
1610,Walnut Hills,39.140211,-84.479000
1612,Walnut Ridge,39.944118,-82.865641
1614,Walsh Jesuit,41.192782,-81.494414
1616,Wapakoneta,40.584461,-84.192683
1618,Warren,39.389353,-81.665588
1620,Warrensville Heights,41.444074,-81.530015
1624,Massillon Washington,40.791619,-81.503888
1626,Washington,39.543064,-83.426368
1628,Waterford,39.538413,-81.639133
1630,Waterloo,41.028557,-81.194989
1632,Watkins Memorial,39.999454,-82.690670
1634,Wauseon,41.553749,-84.129364
1636,Waverly,39.126483,-83.015670
1638,Wayne,39.848000,-84.133529
1640,Waynedale,40.735123,-81.812856
1642,Waynesfield-Goshen,40.604929,-83.975400
1644,Waynesville,39.536082,-84.091189
1646,Wayne Trace,41.046847,-84.572930
1650,Wellington,41.177597,-82.217288
1652,Wellston,39.118973,-82.546897
1654,Wellsville,40.602202,-80.656927
1656,West,39.951908,-83.074963
1658,West Branch,40.843048,-80.991508
1660,West Carrollton,39.671869,-84.229014
1664,Western Brown,39.031288,-83.937433
1666,Western Hills,39.124851,-84.601350
1668,Western Reserve,41.024589,-80.914298
1670,Western Reserve,41.247329,-82.452339
1671,Westerville Central,40.156043,-82.903570
1672,Westerville North,40.131919,-82.898158
1674,Westerville South,40.117873,-82.921709
1676,Westfall,39.654716,-83.119949
1677,West Clermont,39.070370,-84.250260
1678,West Geauga,41.503167,-81.339443
1680,West Holmes,40.574707,-82.014541
1682,West Jefferson,39.934262,-83.277160
1684,Westlake,41.459613,-81.927770
1686,Westland,39.949273,-83.154245
1688,West Liberty-Salem,40.217693,-83.752451
1690,West Muskingum,39.955461,-82.089346
1696,Wheelersburg,38.725156,-82.847985
1698,Whetstone,40.049083,-83.028764
1700,Whitehall-Yearling,39.959324,-82.886078
1704,Whitmer,41.718903,-83.609816
1706,Wickliffe,41.600346,-81.465440
1710,Willard,41.079247,-82.722211
1712,Williamsburg,39.050555,-84.065117
1714,Wilmington,39.448772,-83.839616
1716,Windham,41.233341,-81.046864
1719,Winton Woods,39.288860,-84.525567
1720,Withrow,39.140067,-84.451674
1722,Woodmore,41.472310,-83.289885
1724,Woodridge,41.193008,-81.510095
1732,Woodward,39.188377,-84.464091
1734,Woodward,41.678923,-83.527741
1736,Wooster,40.835972,-81.948678
1737,Harvest Prep,39.891376,-82.824896
1738,Thomas Worthington,40.088518,-83.008349
1740,Worthington Christian,40.100200,-83.010680
1741,Worthington Kilbourne,40.116897,-83.055651
1742,Wynford,40.819405,-83.016508
1744,Wyoming,39.232161,-84.470405
1746,Xenia,39.713681,-83.922382
1750,Zanesville,39.961577,-82.016664
1751,Valley Christian School,41.054103,-80.657544
1752,Zane Trace,39.428516,-82.937756
1956,Clark Montessori,39.138109,-84.428695
9057,Riverview East Academy,39.114109,-84.443848
9272,Cincinnati College Prep,39.110898,-84.527638
9461,Gamble Montessori,39.140394,-84.601989
9592,KIPP Columbus,40.029625,-82.940362
